[
    {
        "name": "SmartPhones",
        "image": "mobile-phone.png",
        "products": [
            {
                "title": "iPhone 14 Pro",
                "description": "The iPhone 14 Pro is the latest flagship smartphone from Apple, featuring a stunning 6.1-inch OLED display, A16 Bionic chip, 128GB storage, and a triple-lens camera system. This phone also includes advanced features such as Face ID, wireless charging, and water resistance.",
                "price": 1299,
                "stock": 8,
                "reviews": { "rate": 5, "counts": 50 },
                "images": [
                    "iphone14pro-1.jpg",
                    "iphone14pro-2.jpg",
                    "iphone14pro-3.jpg",
                    "iphone14pro-4.jpg"
                ]
            },
            {
                "title": "Samsung Galaxy A54",
                "description": "The Samsung Galaxy A54 is a mid-range smartphone with a 6.5-inch FHD+ Super AMOLED display, 4GB of RAM, 128GB of storage, and a quad-lens camera system. It also features a 5000mAh battery with fast charging capabilities and runs on Android 11 with One UI 3.1.",
                "price": 399,
                "stock": 50,
                "reviews": { "rate": 4.2, "counts": 150 },
                "images": [
                    "samsung-a54-1.jpg",
                    "samsung-a54-2.jpg",
                    "samsung-a54-3.jpg",
                    "samsung-a54-4.jpg"
                ]
            },
            {
                "title": "Google Pixel 7 Pro",
                "description": "The Google Pixel 7 Pro is a premium smartphone with a 6.5-inch QHD+ OLED display, 8GB of RAM, 256GB of storage, and a dual-lens camera system. It also features a 4500mAh battery with fast charging capabilities and runs on Android 12 with the latest version of Google Assistant.",
                "price": 999,
                "stock": 20,
                "reviews": { "rate": 4.8, "counts": 75 },
                "images": [
                    "pixel-7-pro-1.jpg",
                    "pixel-7-pro-2.jpg",
                    "pixel-7-pro-3.jpg",
                    "pixel-7-pro-4.jpg"
                ]
            },
            {
                "title": "OnePlus 11R 5G",
                "description": "The OnePlus 11R 5G is a flagship smartphone with a 6.7-inch QHD+ Fluid AMOLED display, 12GB of RAM, 512GB of storage, and a triple-lens camera system. It also features a 5000mAh battery with Warp Charge 65T and runs on OxygenOS 12 based on Android 12.",
                "price": 1299,
                "stock": 30,
                "reviews": { "rate": 4.9, "counts": 100 },
                "images": [
                    "oneplus-11r-1.jpg",
                    "oneplus-11r-2.jpg",
                    "oneplus-11r-3.jpg",
                    "oneplus-11r-4.jpg"
                ]
            },
            {
                "title": "iPhone 13",
                "description": "The iPhone 13 is the latest flagship smartphone from Apple, featuring a stunning 6.1-inch OLED display, A15 Bionic chip, 128GB storage, and a dual-lens camera system. This phone also includes advanced features such as Face ID, wireless charging, and water resistance.",
                "price": 1099,
                "stock": 75,
                "reviews": { "rate": 4.7, "counts": 200 },
                "images": [
                    "iphone13-1.jpg",
                    "iphone13-2.jpg",
                    "iphone13-3.jpg",
                    "iphone13-4.jpg"
                ]
            }
        ]
    },
    {
        "name": "Laptops",
        "image": "laptop.png",
        "products": [
            {
                "title": "MacBook Pro M1",
                "description": "The MacBook Pro M1 is Apple's flagship laptop featuring the M1 chip, 16GB of RAM, 512GB of storage, and a stunning 13-inch Retina display. It also includes a Touch Bar, Touch ID, and runs on macOS Big Sur.",
                "price": 1699,
                "stock": 40,
                "reviews": { "rate": 4.9, "counts": 200 },
                "images": [
                    "macbook-pro-m1-1.jpg",
                    "macbook-pro-m1-2.jpg",
                    "macbook-pro-m1-3.jpg",
                    "macbook-pro-m1-4.jpg"
                ]
            },
            {
                "title": "Dell XPS 13",
                "description": "The Dell XPS 13 is a premium laptop with a 13.4-inch FHD+ InfinityEdge display, 16GB of RAM, 512GB of storage, and a 11th Gen Intel Core i7 processor. It also features a backlit keyboard, fingerprint reader, and runs on Windows 10.",
                "price": 1399,
                "stock": 30,
                "reviews": { "rate": 4.5, "counts": 100 },
                "images": ["dell-xps-13-1.jpg", "dell-xps-13-2.jpg"]
            },
            {
                "title": "HP Spectre x360",
                "description": "The HP Spectre x360 is a 2-in-1 laptop with a 14-inch 4K OLED display, 16GB of RAM, 1TB of storage, and a 11th Gen Intel Core i7 processor. It also features a backlit keyboard, fingerprint reader, and runs on Windows 10.",
                "price": 1899,
                "stock": 25,
                "reviews": { "rate": 4.7, "counts": 150 },
                "images": [
                    "hp-spectre-x360-1.jpg",
                    "hp-spectre-x360-2.jpg",
                    "hp-spectre-x360-3.jpg",
                    "hp-spectre-x360-4.jpg"
                ]
            },
            {
                "title": "Lenovo ThinkPad X1 Carbon",
                "description": "The Lenovo ThinkPad X1 Carbon is a business laptop with a 14-inch FHD+ display, 16GB of RAM, 512GB of storage, and a 11th Gen Intel Core i7 processor. It also features a backlit keyboard, fingerprint reader, and runs on Windows 10 Pro.",
                "price": 1499,
                "stock": 20,
                "reviews": { "rate": 4.6, "counts": 100 },
                "images": [
                    "thinkpad-x1-carbon-1.jpg",
                    "thinkpad-x1-carbon-2.jpg",
                    "thinkpad-x1-carbon-3.jpg",
                    "thinkpad-x1-carbon-4.jpg"
                ]
            },
            {
                "title": "Apple 2022 MacBook Air",
                "description": "The 2022 MacBook Air is Apple's ultralight laptop featuring the M2 chip, 16GB of RAM, 1TB of storage, and a 13.3-inch Retina display. It also includes a Touch ID sensor and runs on macOS Monterey.",
                "price": 1799,
                "stock": 50,
                "reviews": { "rate": 4.8, "counts": 150 },
                "images": [
                    "macbook-air-2022-1.jpg",
                    "macbook-air-2022-2.jpg",
                    "macbook-air-2022-3.jpg",
                    "macbook-air-2022-4.jpg"
                ]
            },
            {
                "title": "HP Pavilion Gaming 15",
                "description": "The HP Pavilion Gaming 15 is a powerful gaming laptop with a 15.6-inch FHD display, 16GB of RAM, 512GB of storage, and a 11th Gen Intel Core i7 processor. It also features a backlit keyboard, NVIDIA GeForce RTX 3050 graphics, and runs on Windows 10 Home.",
                "price": 1199,
                "stock": 30,
                "reviews": { "rate": 4.5, "counts": 100 },
                "images": [
                    "hp-pavilion-gaming-15-1.jpg",
                    "hp-pavilion-gaming-15-2.jpg",
                    "hp-pavilion-gaming-15-3.jpg",
                    "hp-pavilion-gaming-15-4.jpg"
                ]
            },
            {
                "title": "ASUS ZenBook",
                "description": "The ASUS ZenBook is a premium laptop with a 13.3-inch FHD+ display, 16GB of RAM, 512GB of storage, and a 11th Gen Intel Core i7 processor. It also features a backlit keyboard, fingerprint reader, and runs on Windows 10 Home.",
                "price": 1299,
                "stock": 35,
                "reviews": { "rate": 4.7, "counts": 200 },
                "images": [
                    "asus-zenbook-1.jpg",
                    "asus-zenbook-2.jpg",
                    "asus-zenbook-3.jpg",
                    "asus-zenbook-4.jpg"
                ]
            }
        ]
    },
    {
        "name": "Smartwatches",
        "image": "watch.png",
        "products": [
            {
                "title": "Apple Watch Series 7",
                "description": "The Apple Watch Series 7 is the latest smartwatch from Apple with a redesigned Always-On Retina display that's 20% larger than its predecessor. It features fitness tracking, heart rate monitoring, sleep tracking, and an ECG app. It's available in both GPS and cellular versions, and comes in a variety of colors and band styles.",
                "price": 399,
                "stock": 50,
                "reviews": { "rate": 4.9, "counts": 100 },
                "images": [
                    "apple-watch-series-7-1.jpg",
                    "apple-watch-series-7-2.jpg",
                    "apple-watch-series-7-3.jpg",
                    "apple-watch-series-7-4.jpg"
                ]
            },
            {
                "title": "Samsung Galaxy Watch 4",
                "description": "The Samsung Galaxy Watch 4 is a feature-packed smartwatch with a 1.4-inch AMOLED display, fitness tracking, sleep tracking, heart rate monitoring, and an ECG app. It runs on Samsung's own Wear OS and is available in both Bluetooth and LTE versions. It also has a variety of band styles and colors to choose from.",
                "price": 299,
                "stock": 30,
                "reviews": { "rate": 4.6, "counts": 75 },
                "images": [
                    "samsung-galaxy-watch-4-1.jpg",
                    "samsung-galaxy-watch-4-2.jpg",
                    "samsung-galaxy-watch-4-3.jpg",
                    "samsung-galaxy-watch-4-4.jpg"
                ]
            },
            {
                "title": "Garmin Forerunner 945",
                "description": "The Garmin Forerunner 945 is a high-end GPS running watch with built-in maps, music storage, and advanced training features. It also has fitness tracking, sleep tracking, and heart rate monitoring. It's water-resistant up to 50 meters and has a battery life of up to 2 weeks in smartwatch mode.",
                "price": 599,
                "stock": 20,
                "reviews": { "rate": 4.7, "counts": 50 },
                "images": [
                    "garmin-forerunner-945-1.jpg",
                    "garmin-forerunner-945-2.jpg",
                    "garmin-forerunner-945-3.jpg",
                    "garmin-forerunner-945-4.jpg"
                ]
            },
            {
                "title": "Fitbit Sense",
                "description": "The Fitbit Sense is a health-focused smartwatch with fitness tracking, sleep tracking, heart rate monitoring, and an EDA sensor that measures stress levels. It also has built-in GPS, voice assistant support, and a battery life of up to 6 days. It comes in a variety of band styles and colors to choose from.",
                "price": 299,
                "stock": 25,
                "reviews": { "rate": 4.4, "counts": 60 },
                "images": [
                    "fitbit-sense-1.jpg",
                    "fitbit-sense-2.jpg",
                    "fitbit-sense-3.jpg",
                    "fitbit-sense-4.jpg"
                ]
            }
        ]
    },
    {
        "name": "Headphones",
        "image": "headphone.png",
        "products": [
            {
                "title": "Sony WH-1000XM4",
                "description": "The Sony WH-1000XM4 is a premium wireless noise-cancelling headphone that offers exceptional sound quality and comfort. It features advanced noise cancellation technology, 30 hours of battery life, touch controls, and support for high-quality audio codecs like LDAC and aptX HD.",
                "price": 349,
                "stock": 40,
                "reviews": { "rate": 4.8, "counts": 90 },
                "images": [
                    "sony-wh-1000xm4-1.jpg",
                    "sony-wh-1000xm4-2.jpg",
                    "sony-wh-1000xm4-3.jpg",
                    "sony-wh-1000xm4-4.jpg"
                ]
            },
            {
                "title": "Bose QuietComfort 35 II",
                "description": "The Bose QuietComfort 35 II is a wireless noise-cancelling headphone that's designed for comfort and durability. It features advanced noise cancellation technology, up to 20 hours of battery life, and support for high-quality audio codecs like aptX and AAC.",
                "price": 299,
                "stock": 35,
                "reviews": { "rate": 4.7, "counts": 80 },
                "images": [
                    "bose-quietcomfort-35-ii-1.jpg",
                    "bose-quietcomfort-35-ii-2.jpg",
                    "bose-quietcomfort-35-ii-3.jpg",
                    "bose-quietcomfort-35-ii-4.jpg"
                ]
            },
            {
                "title": "AirPods Pro",
                "description": "The AirPods Pro is a premium true wireless earbud that offers exceptional sound quality and active noise cancellation. It features an H1 chip for quick and easy pairing with Apple devices, up to 4.5 hours of battery life, and a wireless charging case that provides additional battery life.",
                "price": 249,
                "stock": 50,
                "reviews": { "rate": 4.6, "counts": 100 },
                "images": [
                    "airpods-pro-1.jpg",
                    "airpods-pro-2.jpg",
                    "airpods-pro-3.jpg",
                    "airpods-pro-4.jpg"
                ]
            },
            {
                "title": "Jabra Elite 85t",
                "description": "The Jabra Elite 85t is a premium true wireless earbud that offers exceptional sound quality and active noise cancellation. It features a compact and comfortable design, up to 5.5 hours of battery life, and a wireless charging case that provides additional battery life. It also has customizable touch controls and support for high-quality audio codecs like AAC and SBC.",
                "price": 229,
                "stock": 45,
                "reviews": { "rate": 4.5, "counts": 70 },
                "images": [
                    "jabra-elite-85t-1.jpg",
                    "jabra-elite-85t-2.jpg",
                    "jabra-elite-85t-3.jpg",
                    "jabra-elite-85t-4.jpg"
                ]
            },
            {
                "title": "boAt Rockerz 550",
                "description": "The boAt Rockerz 550 is a wireless Bluetooth headphone designed to deliver powerful sound and deep bass. It comes with a sleek and stylish design, soft ear cups, and adjustable headband for a comfortable fit.",
                "price": 35.99,
                "stock": 20,
                "reviews": {
                    "rate": 4.3,
                    "counts": 230
                },
                "images": [
                    "boat-rockerz-1.jpg",
                    "boat-rockerz-2.jpg",
                    "boat-rockerz-3.jpg",
                    "boat-rockerz-4.jpg"
                ]
            }
        ]
    },
    {
        "name": "Gaming Consoles",
        "image": "video-game.png",
        "products": [
            {
                "title": "PlayStation 5",
                "description": "The PlayStation 5 is the latest gaming console from Sony. It features a powerful CPU and GPU, lightning-fast SSD storage, and support for 4K gaming at 60fps.",
                "price": 499.99,
                "stock": 10,
                "reviews": { "rate": 4.8, "counts": 127 },
                "images": ["ps5-1.jpg", "ps5-2.jpg", "ps5-3.jpg"]
            },
            {
                "title": "Xbox Series X",
                "description": "The Xbox Series X is the latest gaming console from Microsoft. It features a powerful CPU and GPU, ultra-fast SSD storage, and support for 4K gaming at 60fps.",
                "price": 499.99,
                "stock": 8,
                "reviews": {
                    "rate": 4.7,
                    "counts": 103
                },
                "images": [
                    "xbox-series-x-1.jpg",
                    "xbox-series-x-2.jpg",
                    "xbox-series-x-3.jpg",
                    "xbox-series-x-4.jpg"
                ]
            },
            {
                "title": "Nintendo Switch",
                "description": "The Nintendo Switch is a hybrid gaming console that can be used as a portable device or as a home console. It features a 6.2-inch touch screen and detachable Joy-Con controllers.",
                "price": 299.99,
                "stock": 15,
                "reviews": {
                    "rate": 4.9,
                    "counts": 218
                },
                "images": [
                    "nintendo-switch-1.jpg",
                    "nintendo-switch-2.jpg",
                    "nintendo-switch-3.jpg",
                    "nintendo-switch-4.jpg"
                ]
            }
        ]
    }
]
